{
	"format_version": "1.12.0",
	"minecraft:geometry": [
		{
			"description": {
				"identifier": "geometry.Heastblast",
				"texture_width": 16,
				"texture_height": 16,
				"visible_bounds_width": 3,
				"visible_bounds_height": 5,
				"visible_bounds_offset": [0, 1.5, 0]
			},
			"bones": [
				{
					"name": "armorHead",
					"pivot": [0, 29.75, 0.75]
				},
				{
					"name": "armorLeftArm",
					"pivot": [4.5, 24.75, 1.75]
				},
				{
					"name": "armorRightArm",
					"pivot": [-4.5, 24.75, 1.75]
				},
				{
					"name": "armorLeftLeg",
					"pivot": [1.15, 13.5, 1.5]
				},
				{
					"name": "armorRightLeg",
					"pivot": [-1.15, 13.5, 1.5]
				},
				{
					"name": "armorBody",
					"pivot": [0, 24, 0.25],
					"cubes": [
						{
							"origin": [-1, 15.43934, -2.59534],
							"size": [2, 2, 1],
							"inflate": 0.1,
							"uv": {
								"north": {"uv": [0, 0], "uv_size": [9, 9]},
								"east": {"uv": [12, 0], "uv_size": [1, 2]},
								"south": {"uv": [13, 0], "uv_size": [2, 2]},
								"west": {"uv": [11, 0], "uv_size": [1, 2]},
								"up": {"uv": [9, 0], "uv_size": [2, 1]},
								"down": {"uv": [10, 2], "uv_size": [2, -1]}
							}
						}
					]
				}
			]
		}
	]
}