{
	"format_version": "1.12.0",
	"minecraft:geometry": [
		{
			"description": {
				"identifier": "geometry.unknown",
				"texture_width": 32,
				"texture_height": 32,
				"visible_bounds_width": 3,
				"visible_bounds_height": 3.5,
				"visible_bounds_offset": [0, 1.25, 0]
			},
			"bones": [
				{
					"name": "Head",
					"pivot": [0, 24, 0],
					"cubes": [
						{"origin": [-2.16647, 35.05106, -2.4], "size": [2.4, 3.6, 1.4], "pivot": [-1.9, 33.4, -1.2], "rotation": [15.02126, 13.35981, -48.23074], "uv": [6, 18]},
						{"origin": [0.4, 31, -2.4], "size": [1.2, 7.2, 2.4], "pivot": [1.6, 32.2, -1.2], "rotation": [19.71975, 3.40487, -9.40804], "uv": [0, 6]},
						{"origin": [-6, 31, -2.4], "size": [2.4, 4.8, 2.4], "pivot": [-4.8, 32.2, -1.2], "rotation": [17.49325, 15.74419, -50.76588], "uv": [10, 0]},
						{"origin": [-4.7, 30.16077, 0.6], "size": [2.6, 4.8, 2.4], "pivot": [-3.9, 32.4, 1.8], "rotation": [-8.64545, -12.75326, -45.74391], "uv": [14, 6]},
						{"origin": [-2.7, 31.16077, -0.4], "size": [2.6, 4.8, 2.4], "pivot": [-1.9, 33.4, 0.8], "rotation": [-12.84847, -8.50197, -23.25287], "uv": [6, 12]},
						{"origin": [-3.7, 31.16077, -2.4], "size": [3.6, 4.8, 2.4], "pivot": [-1.9, 33.4, -1.2], "rotation": [19.14314, 5.90316, -24.00371], "uv": [0, 0]},
						{"origin": [4.8, 27.6, -1.4], "size": [1.2, 3.8, 2.4], "pivot": [4.8, 28.8, -0.2], "rotation": [-9.99067, 0.43399, 92.46207], "uv": [18, 0]},
						{"origin": [-4.4, 25.2, 2.6], "size": [1.2, 1.6, 2.4], "pivot": [-3.2, 26.4, 3.8], "rotation": [-36.44692, 16.42092, 92.01787], "uv": [0, 20]},
						{"origin": [2.6, 25.2, 2.6], "size": [1.2, 1.6, 2.4], "pivot": [3.8, 26.4, 3.8], "rotation": [-34.76758, 2.15393, 102.31594], "uv": [18, 19]},
						{"origin": [3.6, 25.2, -0.4], "size": [1.2, 2.6, 2.4], "pivot": [4.8, 26.4, 0.8], "rotation": [-19.76758, 2.15393, 102.31594], "uv": [12, 19]},
						{"origin": [5.7, 28.95, -2.4], "size": [1.4, 5, 2.4], "pivot": [6.9, 30.35, -1.2], "rotation": [9.85108, 1.72794, -99.85108], "uv": [14, 12]},
						{"origin": [-6, 28.6, -1.4], "size": [2.4, 4.8, 2.4], "pivot": [-4.8, 29.8, -0.2], "rotation": [8.40956, 19.98015, -87.33978], "uv": [6, 6]},
						{"origin": [-6, 27.1, 0.6], "size": [1.2, 3.6, 2.4], "pivot": [-4.8, 28.3, 1.8], "rotation": [-4.92081, -30.34538, -99.27721], "uv": [0, 15]}
					]
				},
				{
					"name": "body",
					"pivot": [0, 24, 0]
				},
				{
					"name": "right_arm",
					"pivot": [-5, 22, 0]
				},
				{
					"name": "left_arm",
					"pivot": [5, 22, 0]
				},
				{
					"name": "right_leg",
					"pivot": [-1.9, 12, 0]
				},
				{
					"name": "left_leg",
					"pivot": [1.9, 12, 0]
				}
			]
		}
	]
}