{
    "type": "palladium:compound",
  "layers": [
  {
    "type": "geckolib:default",
    "model": "saiyan:geo/aliens/alien_264/saiyan.geo.json",
    "texture": "saiyan:textures/models/aliens/alien_265/ssj.png",
    "bones": {
        "head": "head",
        "body": "body",
        "right_arm": "right_arm",
        "left_arm": "left_arm",
        "right_leg": "right_leg",
        "left_leg": "left_leg"

    }},
  {
    "type": "geckolib:default",
    "model": "saiyan:geo/aliens/alien_264/base_hair.geo.json",
    "texture": "saiyan:textures/models/aliens/alien_265/ssj_hair.png",
    "bones": {
        "head": "Head"
    }},
    {
    "type": "palladium:lightning_sparks",
    "frequency": 0.2,
    "amount": 12,
    "core_color": "#b0e0ff",
    "glow_color": "#87cefa",
    "core_opacity": 1.0,
    "glow_opacity": 1.0,
    "thickness": 0.025,
    "normal_transparency": false
},
       {
      "type": "geckolib:default",
      "model": {
        "base": "saiyan:geo/aliens/alien_264/badge.geo.json",
        "variables": {
          "BADGE": {
            "type": "palladium:string_property",
            "property": "badge"
          }
        }
      },
      "texture": {
        "base": "alienevo:textures/models/badge/badge_prototype.png"
       
       
      }
    },
    {
      "type": "geckolib:default",
      "render_type": "glow",
      "model": {
        "base": "saiyan:geo/aliens/alien_264/badge.geo.json",
        "variables": {
          "BADGE": {
            "type": "palladium:string_property",
            "property": "badge"
          }
        }
      },
      "texture": {
        "variables": {
          "BADGE": {
            "type": "palladium:string_property",
            "property": "badge"
          },
          "X": {
            "type": "palladium:string_property",
            "property": "AlienEvo.Color"
          }
        },
        "base": "alienevo:textures/models/badge/badge_glow_default_prototype.png"
      }
    },
    {
      "type": "geckolib:default",
      "render_type": "glow",
      "model": {
        "base": "saiyan:geo/aliens/alien_264/badge.geo.json",
        "variables": {
          "BADGE": {
            "type": "palladium:string_property",
            "property": "badge"
          }
        }
      },
      "texture": {
        "variables": {
          "BADGE": {
            "type": "palladium:string_property",
            "property": "badge"
          }
        },
        "base": "alienevo:textures/models/badge/badge_glow_timeout_prototype.png"
      },
      "conditions": [
        {
          "type": "alienevo:has_timeout_bubble",
          "value": true
        },
        {
          "type": "palladium:or",
          "conditions": [
            {
              "type": "palladium:objective_score",
              "objective": "AlienEvo.Timer",
              "min_score": 5940,
              "max_score": 5950
            },
            {
              "type": "palladium:objective_score",
              "objective": "AlienEvo.Timer",
              "min_score": 5960,
              "max_score": 5970
            },
            {
              "type": "palladium:objective_score",
              "objective": "AlienEvo.Timer",
              "min_score": 5980,
              "max_score": 6000
            }
          ]
        }
      ]
    }
  ]
}