{
	"format_version": "1.12.0",
	"minecraft:geometry": [
		{
			"description": {
				"identifier": "geometry.prototype_omnitrix",
				"texture_width": 64,
				"texture_height": 64,
				"visible_bounds_width": 2,
				"visible_bounds_height": 2.5,
				"visible_bounds_offset": [0, 0.75, 0]
			},
			"bones": [
				{
					"name": "armorHead",
					"pivot": [0, 0, 0]
				},
				{
					"name": "armorBody",
					"pivot": [0, 0, 0]
				},
				{
					"name": "armorRightArm",
					"pivot": [-5, -2, 0]
				},
				{
					"name": "armorRightLeg",
					"pivot": [-1.9, 12, 0]
				},
				{
					"name": "armorLeftLeg",
					"pivot": [1.9, 12, 0]
				},
				{
					"name": "armorLeftArm",
					"pivot": [4.44, 23.98588, -0.09721],
					"rotation": [0, 0, 7.5]
				},
				{
					"name": "lArm",
					"parent": "armorLeftArm",
					"pivot": [5.84856, 24.13458, 0.73799]
				},
				{
					"name": "bone21",
					"parent": "lArm",
					"pivot": [10.84856, 14.13458, 0.73799]
				},
				{
					"name": "hahaboner",
					"parent": "bone21",
					"pivot": [10.8486, 14.13458, 0.73799]
				},
				{
					"name": "os_omnitrix",
					"parent": "hahaboner",
					"pivot": [7.47191, 16.47819, -0.77088],
					"rotation": [-7.0646, 1.57805, -11.8947]
				},
				{
					"name": "core_10k",
					"parent": "os_omnitrix",
					"pivot": [10.21941, 10.22819, -0.77088],
					"rotation": [-90, 0, 0],
					"cubes": [
						{
							"origin": [13.59178, 10.51145, -1.64852],
							"size": [0, 2.875, 2.975],
							"uv": {
								"west": {"uv": [22, 12], "uv_size": [12, 12]}
							}
						}
					]
				},
				{
					"name": "aliens",
					"parent": "core_10k",
					"pivot": [10.25191, 10.22819, -0.77088]
				},
				{
					"name": "modules",
					"parent": "core_10k",
					"pivot": [10.25191, 10.22819, -0.77088]
				},
				{
					"name": "dial",
					"parent": "core_10k",
					"pivot": [10.14691, 10.22819, -0.77088],
					"cubes": [
						{
							"origin": [13.69178, 12.9877, 0.92773],
							"size": [-0.5, -2.0775, 0],
							"inflate": -0.025,
							"uv": {
								"north": {"uv": [10, 28], "uv_size": [1, -3]},
								"south": {"uv": [9, 28], "uv_size": [1, -3]},
								"up": {"uv": [9, 28], "uv_size": [-1, -3]},
								"down": {"uv": [8, 25], "uv_size": [-1, 3]}
							}
						},
						{
							"origin": [13.19178, 10.49645, -1.66352],
							"size": [0.5, 2.905, 3.005],
							"inflate": 0.1,
							"uv": {
								"north": {"uv": [21, 25], "uv_size": [1, 4]},
								"south": {"uv": [22, 25], "uv_size": [1, 4]},
								"west": {"uv": [12, 25], "uv_size": [7, 7]},
								"up": {"uv": [19, 25], "uv_size": [1, 4]},
								"down": {"uv": [20, 29], "uv_size": [1, -4]}
							}
						},
						{
							"origin": [13.19178, 10.5077, -1.65227],
							"size": [0.5, 2.8825, 2.9825],
							"inflate": 0.025,
							"uv": {
								"north": {"uv": [9, 25], "uv_size": [1, 3]},
								"east": {"uv": [7, 28], "uv_size": [3, 3]},
								"south": {"uv": [10, 25], "uv_size": [1, 3]},
								"west": {"uv": [0, 25], "uv_size": [7, 7]},
								"up": {"uv": [7, 25], "uv_size": [1, 3]},
								"down": {"uv": [8, 28], "uv_size": [1, -3]}
							}
						}
					]
				},
				{
					"name": "lights",
					"parent": "dial",
					"pivot": [10.54691, 10.22819, -0.77088],
					"cubes": [
						{
							"origin": [13.1732, 11.6202, 0.67507],
							"size": [1, 1.06, 1.16],
							"inflate": -0.3,
							"pivot": [13.6732, 11.94895, 1.30507],
							"rotation": [-90, -75, 0],
							"uv": {
								"north": {"uv": [61, 27], "uv_size": [1, 1]},
								"east": {"uv": [59, 27], "uv_size": [1, 1]},
								"south": {"uv": [61, 27], "uv_size": [1, 1]},
								"west": {"uv": [58, 27], "uv_size": [1, 1]},
								"up": {"uv": [59, 26], "uv_size": [1, 1]},
								"down": {"uv": [60, 28], "uv_size": [1, -1]}
							}
						},
						{
							"origin": [13.1732, 10.20411, -0.74102],
							"size": [1, 1.06, 1.16],
							"inflate": -0.3,
							"pivot": [13.6732, 10.53286, -0.11102],
							"rotation": [180, 0, 75],
							"uv": {
								"north": {"uv": [61, 27], "uv_size": [1, 1]},
								"east": {"uv": [59, 27], "uv_size": [1, 1]},
								"south": {"uv": [61, 27], "uv_size": [1, 1]},
								"west": {"uv": [58, 27], "uv_size": [1, 1]},
								"up": {"uv": [59, 26], "uv_size": [1, 1]},
								"down": {"uv": [60, 28], "uv_size": [1, -1]}
							}
						},
						{
							"origin": [13.1732, 11.6202, -2.15711],
							"size": [1, 1.06, 1.16],
							"inflate": -0.3,
							"pivot": [13.6732, 11.94895, -1.52711],
							"rotation": [90, 75, 0],
							"uv": {
								"north": {"uv": [61, 27], "uv_size": [1, 1]},
								"east": {"uv": [59, 27], "uv_size": [1, 1]},
								"south": {"uv": [61, 27], "uv_size": [1, 1]},
								"west": {"uv": [58, 27], "uv_size": [1, 1]},
								"up": {"uv": [59, 26], "uv_size": [1, 1]},
								"down": {"uv": [60, 28], "uv_size": [1, -1]}
							}
						},
						{
							"origin": [13.1732, 13.03629, -0.74102],
							"size": [1, 1.06, 1.16],
							"inflate": -0.3,
							"pivot": [13.6732, 13.36504, -0.11102],
							"rotation": [0, 0, -75],
							"uv": {
								"north": {"uv": [61, 27], "uv_size": [1, 1]},
								"east": {"uv": [59, 27], "uv_size": [1, 1]},
								"south": {"uv": [61, 27], "uv_size": [1, 1]},
								"west": {"uv": [58, 27], "uv_size": [1, 1]},
								"up": {"uv": [59, 26], "uv_size": [1, 1]},
								"down": {"uv": [60, 28], "uv_size": [1, -1]}
							}
						}
					]
				},
				{
					"name": "cylinder",
					"parent": "core_10k",
					"pivot": [10.14691, 10.22819, -0.77088],
					"cubes": [
						{
							"origin": [12.56678, 10.93895, -1.22102],
							"size": [0.85, 2.02, 2.12],
							"inflate": 0.025,
							"uv": {
								"north": {"uv": [50, 13], "uv_size": [3, 5]},
								"east": {"uv": [59, 13], "uv_size": [2, 2]},
								"south": {"uv": [53, 13], "uv_size": [3, 5]},
								"west": {"uv": [59, 15], "uv_size": [2, 2]},
								"up": {"uv": [50, 18], "uv_size": [-3, -5]},
								"down": {"uv": [59, 18], "uv_size": [-3, -5]}
							}
						},
						{
							"origin": [12.56678, 10.9277, -1.23227],
							"size": [0.85, 2.0425, 2.1425],
							"inflate": 0.1,
							"uv": {
								"north": {"uv": [50, 19], "uv_size": [3, 5]},
								"east": {"uv": [59, 19], "uv_size": [2, 2]},
								"south": {"uv": [53, 19], "uv_size": [3, 5]},
								"west": {"uv": [59, 21], "uv_size": [2, 2]},
								"up": {"uv": [50, 24], "uv_size": [-3, -5]},
								"down": {"uv": [59, 24], "uv_size": [-3, -5]}
							}
						}
					]
				},
				{
					"name": "arrows",
					"parent": "core_10k",
					"pivot": [10.19441, 10.22819, -0.77088]
				},
				{
					"name": "a_closed",
					"parent": "arrows",
					"pivot": [10.19691, 10.22819, -0.77088],
					"cubes": [
						{
							"origin": [13.66678, 10.51145, -1.64852],
							"size": [0, 2.875, 2.975],
							"uv": {
								"west": {"uv": [0, 0], "uv_size": [11, 12]}
							}
						}
					]
				},
				{
					"name": "a_01",
					"parent": "arrows",
					"pivot": [10.19441, 10.22819, -0.77088],
					"cubes": [
						{
							"origin": [13.41678, 10.51145, -1.64852],
							"size": [0, 2.875, 2.975],
							"uv": {
								"west": {"uv": [11, 0], "uv_size": [11, 12]}
							}
						}
					]
				},
				{
					"name": "a_02",
					"parent": "arrows",
					"pivot": [10.19441, 10.22819, -0.77088],
					"cubes": [
						{
							"origin": [13.41678, 10.51145, -1.64852],
							"size": [0, 2.875, 2.975],
							"uv": {
								"west": {"uv": [22, 0], "uv_size": [11, 12]}
							}
						}
					]
				},
				{
					"name": "a_03",
					"parent": "arrows",
					"pivot": [10.19441, 10.22819, -0.77088],
					"cubes": [
						{
							"origin": [13.41678, 10.51145, -1.64852],
							"size": [0, 2.875, 2.975],
							"uv": {
								"west": {"uv": [33, 0], "uv_size": [11, 12]}
							}
						}
					]
				},
				{
					"name": "a_04",
					"parent": "arrows",
					"pivot": [10.19441, 10.22819, -0.77088],
					"cubes": [
						{
							"origin": [13.41678, 10.51145, -1.64852],
							"size": [0, 2.875, 2.975],
							"uv": {
								"west": {"uv": [44, 0], "uv_size": [11, 12]}
							}
						}
					]
				},
				{
					"name": "a_05",
					"parent": "arrows",
					"pivot": [10.19441, 10.22819, -0.77088],
					"cubes": [
						{
							"origin": [13.41678, 10.51145, -1.64852],
							"size": [0, 2.875, 2.975],
							"uv": {
								"west": {"uv": [0, 12], "uv_size": [11, 12]}
							}
						}
					]
				},
				{
					"name": "a_open",
					"parent": "arrows",
					"pivot": [10.19691, 10.22819, -0.77088],
					"cubes": [
						{
							"origin": [13.39178, 10.51145, -1.64852],
							"size": [0, 2.875, 2.975],
							"uv": {
								"west": {"uv": [11, 12], "uv_size": [11, 12]}
							}
						}
					]
				},
				{
					"name": "settings",
					"parent": "arrows",
					"pivot": [10.19691, 10.22819, -0.77088],
					"cubes": [
						{
							"origin": [13.39178, 10.51145, -1.64852],
							"size": [0, 2.875, 2.975],
							"uv": {
								"west": {"uv": [34, 12], "uv_size": [12, 12]}
							}
						}
					]
				},
				{
					"name": "os_body",
					"parent": "os_omnitrix",
					"pivot": [15.47191, 8.47819, -8.77088]
				},
				{
					"name": "white",
					"parent": "os_body",
					"pivot": [1.47191, -4.77181, -0.77088],
					"cubes": [
						{
							"origin": [8.39178, 7.70198, -1.64285],
							"size": [5, 0.7, 0.85],
							"inflate": 0.025,
							"pivot": [10.89178, 8.05198, -1.04285],
							"rotation": [22.5, 0, 0],
							"uv": {
								"north": {"uv": [36, 30], "uv_size": [5, -1]},
								"east": {"uv": [35, 30], "uv_size": [1, -1]},
								"west": {"uv": [41, 30], "uv_size": [1, -1]}
							}
						},
						{
							"origin": [8.39178, 7.70198, 2.59261],
							"size": [5, 0.7, 0.85],
							"inflate": 0.025,
							"pivot": [10.89178, 8.05198, 2.94261],
							"rotation": [-22.5, 0, 0],
							"uv": {
								"east": {"uv": [36, 30], "uv_size": [-1, -1]},
								"south": {"uv": [41, 30], "uv_size": [-5, -1]},
								"west": {"uv": [42, 30], "uv_size": [-1, -1]}
							}
						},
						{
							"origin": [8.39178, 10.73468, 2.59261],
							"size": [5, 0.7, 0.85],
							"inflate": 0.025,
							"pivot": [10.89178, 11.08468, 2.94261],
							"rotation": [22.5, 0, 0],
							"uv": {
								"east": {"uv": [36, 29], "uv_size": [-1, 1]},
								"south": {"uv": [41, 29], "uv_size": [-5, 1]},
								"west": {"uv": [42, 29], "uv_size": [-1, 1]}
							}
						},
						{
							"origin": [8.39178, 10.73468, -1.64285],
							"size": [5, 0.7, 0.85],
							"inflate": 0.025,
							"pivot": [10.89178, 11.08468, -1.04285],
							"rotation": [-22.5, 0, 0],
							"uv": {
								"north": {"uv": [36, 29], "uv_size": [5, 1]},
								"east": {"uv": [35, 29], "uv_size": [1, 1]},
								"west": {"uv": [41, 29], "uv_size": [1, 1]}
							}
						},
						{
							"origin": [8.36678, 10.63299, -1.03229],
							"size": [5, 0.69291, 3.86435],
							"uv": {
								"east": {"uv": [35, 31], "uv_size": [4, 1]}
							}
						},
						{
							"origin": [8.36678, 7.81076, -1.03229],
							"size": [5, 0.69291, 3.86435],
							"uv": {
								"east": {"uv": [35, 31], "uv_size": [4, 1]}
							}
						}
					]
				},
				{
					"name": "covers",
					"parent": "white",
					"pivot": [7.47191, 8.71184, -2.76361],
					"cubes": [
						{
							"origin": [13.16678, 10.73468, -1.26785],
							"size": [0.225, 0.7, 0.6],
							"inflate": 0.05,
							"pivot": [10.89178, 11.08468, -1.04285],
							"rotation": [-20, 0, 0],
							"uv": {
								"west": {"uv": [43, 37], "uv_size": [1, 1]},
								"up": {"uv": [46, 38], "uv_size": [-1, -1]},
								"down": {"uv": [45, 38], "uv_size": [-1, -1]}
							}
						},
						{
							"origin": [13.16678, 7.70198, -1.26785],
							"size": [0.225, 0.7, 0.6],
							"inflate": 0.05,
							"pivot": [10.89178, 8.05198, -1.04285],
							"rotation": [20, 0, 0],
							"uv": {
								"west": {"uv": [43, 37], "uv_size": [1, 1]},
								"up": {"uv": [45, 38], "uv_size": [-1, -1]},
								"down": {"uv": [46, 38], "uv_size": [-1, -1]}
							}
						},
						{
							"origin": [13.16678, 7.70198, 2.46761],
							"size": [0.225, 0.7, 0.6],
							"inflate": 0.05,
							"pivot": [10.89178, 8.05198, 2.94261],
							"rotation": [-20, 0, 0],
							"uv": {
								"west": {"uv": [44, 37], "uv_size": [-1, 1]},
								"up": {"uv": [45, 37], "uv_size": [-1, 1]},
								"down": {"uv": [46, 37], "uv_size": [-1, 1]}
							}
						},
						{
							"origin": [13.16678, 10.73468, 2.46761],
							"size": [0.225, 0.7, 0.6],
							"inflate": 0.05,
							"pivot": [10.89178, 11.08468, 2.94261],
							"rotation": [20, 0, 0],
							"uv": {
								"west": {"uv": [44, 37], "uv_size": [-1, 1]},
								"up": {"uv": [46, 37], "uv_size": [-1, 1]},
								"down": {"uv": [45, 37], "uv_size": [-1, 1]}
							}
						}
					]
				},
				{
					"name": "grey",
					"parent": "os_body",
					"pivot": [1.47191, -4.77181, -0.77088]
				},
				{
					"name": "phase1",
					"parent": "grey",
					"pivot": [9.62191, 9.20319, -0.77088],
					"cubes": [
						{
							"origin": [9.94178, 11.54333, -1.15012],
							"size": [3, 0.575, 4.1],
							"inflate": 0.25,
							"pivot": [13.04178, 10.59333, 0.94988],
							"rotation": [0, 0, -4.25],
							"uv": {
								"north": {"uv": [53, 35], "uv_size": [3, -1]},
								"south": {"uv": [56, 35], "uv_size": [3, -1]},
								"west": {"uv": [48, 35], "uv_size": [5, -1]}
							}
						},
						{
							"origin": [9.94178, 7.26833, -1.15012],
							"size": [3, 0.325, 4.1],
							"inflate": 0.25,
							"pivot": [13.04178, 8.54333, 0.94988],
							"rotation": [0, 0, 4.25],
							"uv": {
								"north": {"uv": [53, 35], "uv_size": [3, 1]},
								"south": {"uv": [56, 35], "uv_size": [3, 1]},
								"west": {"uv": [48, 35], "uv_size": [5, 1]}
							}
						}
					]
				},
				{
					"name": "phase2",
					"parent": "grey",
					"pivot": [9.67191, 9.20319, -0.77088],
					"cubes": [
						{
							"origin": [10.96678, 12.04333, -1.15012],
							"size": [2, 1, 4.1],
							"inflate": 0.125,
							"pivot": [13.09178, 10.59333, 0.94988],
							"rotation": [0, 0, -2],
							"uv": {
								"north": {"uv": [43, 35], "uv_size": [2, 1]},
								"south": {"uv": [45, 35], "uv_size": [2, 1]},
								"west": {"uv": [43, 34], "uv_size": [4, 1]}
							}
						},
						{
							"origin": [10.96678, 6.51833, -1.15012],
							"size": [2, 1, 4.1],
							"inflate": 0.125,
							"pivot": [13.09178, 8.54333, 0.94988],
							"rotation": [0, 0, 2],
							"uv": {
								"north": {"uv": [43, 35], "uv_size": [2, 1]},
								"south": {"uv": [45, 35], "uv_size": [2, 1]},
								"west": {"uv": [43, 34], "uv_size": [4, 1]}
							}
						}
					]
				},
				{
					"name": "phase3",
					"parent": "grey",
					"pivot": [1.47191, -7.77181, -0.77088],
					"cubes": [
						{
							"origin": [13.00229, 5.86671, -0.65012],
							"size": [0, 0.85, 3.1],
							"pivot": [12.45229, 6.49171, 0.94988],
							"rotation": [0, 0, 2],
							"uv": {
								"west": {"uv": [47, 37], "uv_size": [3, 1]}
							}
						},
						{
							"origin": [13.06678, 12.94333, -0.65012],
							"size": [0, 0.85, 3.1],
							"pivot": [13.09178, 10.59333, 0.94988],
							"rotation": [0, 0, -2],
							"uv": {
								"west": {"uv": [47, 37], "uv_size": [3, 1]}
							}
						},
						{
							"origin": [13.16678, 7.36833, -0.15012],
							"size": [0, 4.525, 2.1],
							"uv": {
								"west": {"uv": [40, 34], "uv_size": [2, 4]}
							}
						}
					]
				},
				{
					"name": "black",
					"parent": "os_body",
					"pivot": [1.47191, -4.77181, -0.77088],
					"cubes": [
						{
							"origin": [8.89178, 8.06833, -1.15012],
							"size": [4, 3, 4.1],
							"inflate": 0.3,
							"uv": {
								"north": {"uv": [28, 34], "uv_size": [4, 3]},
								"east": {"uv": [24, 34], "uv_size": [4, 3]},
								"south": {"uv": [35, 34], "uv_size": [4, 3]},
								"west": {"uv": [32, 34], "uv_size": [3, 3]},
								"up": {"uv": [24, 37], "uv_size": [5, 5]},
								"down": {"uv": [29, 42], "uv_size": [5, -5]}
							}
						},
						{
							"origin": [13.14178, 8.36833, -0.35012],
							"size": [0, 2.4, 2.5],
							"pivot": [12.64178, 9.56833, 0.94988],
							"rotation": [-45, 0, 0],
							"uv": {
								"west": {"uv": [20, 30], "uv_size": [2, 2]}
							}
						},
						{
							"origin": [13.16678, 9.31833, 0.59988],
							"size": [0, 0.5, 0.6],
							"uv": {
								"west": {"uv": [61, 30], "uv_size": [1, 1]}
							}
						}
					]
				},
				{
					"name": "button",
					"parent": "os_body",
					"pivot": [7.72857, 10.22819, -2.9234],
					"rotation": [0, 85, 0],
					"cubes": [
						{
							"origin": [6.01242, 9.06833, 0.03344],
							"size": [1, 1, 1.1],
							"inflate": -0.225,
							"uv": {
								"north": {"uv": [61, 30], "uv_size": [1, 1]},
								"south": {"uv": [61, 30], "uv_size": [1, 1]},
								"west": {"uv": [61, 30], "uv_size": [1, 1]},
								"up": {"uv": [61, 30], "uv_size": [1, 1]},
								"down": {"uv": [61, 31], "uv_size": [1, -1]}
							}
						},
						{
							"origin": [5.83742, 9.06833, 0.03344],
							"size": [1, 1, 1.1],
							"inflate": -0.125,
							"uv": {
								"north": {"uv": [57, 30], "uv_size": [1, 1]},
								"east": {"uv": [56, 30], "uv_size": [1, 1]},
								"south": {"uv": [59, 30], "uv_size": [1, 1]},
								"west": {"uv": [58, 30], "uv_size": [1, 1]},
								"up": {"uv": [57, 29], "uv_size": [1, 1]},
								"down": {"uv": [58, 30], "uv_size": [1, -1]}
							}
						}
					]
				}
			]
		}
	]
}