{
	"format_version": "1.12.0",
	"minecraft:geometry": [
		{
			"description": {
				"identifier": "geometry.unknown",
				"texture_width": 128,
				"texture_height": 128,
				"visible_bounds_width": 4,
				"visible_bounds_height": 3.5,
				"visible_bounds_offset": [0, 1.25, 0]
			},
			"bones": [
				{
					"name": "head",
					"pivot": [0, 24, 0]
				},
				{
					"name": "body",
					"pivot": [0, 24, 0],
					"rotation": [0, -90, 0],
					"cubes": [
						{"origin": [-10, 0, -10], "size": [20, 0, 20], "uv": [-20, 0]},
						{"origin": [-5, 0, 10], "size": [10, 40, 0], "uv": [0, 20]},
						{"origin": [-4, 0, 10], "size": [8, 40, 0], "pivot": [0, 0, 0], "rotation": [-180, -45, 180], "uv": [0, 60]},
						{"origin": [-4, 0, 10], "size": [8, 40, 0], "pivot": [0, 0, 0], "rotation": [0, -45, 0], "uv": [0, 60]},
						{"origin": [-5, 0, 10], "size": [10, 40, 0], "pivot": [0, 0, 0], "rotation": [0, -90, 0], "uv": [0, 20]},
						{"origin": [-5, 0, 10], "size": [10, 40, 0], "pivot": [0, 0, 0], "rotation": [-180, 0, 180], "uv": [0, 20]},
						{"origin": [-4, 0, 10], "size": [8, 40, 0], "pivot": [0, 0, 0], "rotation": [0, 45, 0], "uv": [0, 60]},
						{"origin": [-4, 0, 10], "size": [8, 40, 0], "pivot": [0, 0, 0], "rotation": [-180, 45, 180], "uv": [0, 60]},
						{"origin": [-5, 0, 10], "size": [10, 40, 0], "pivot": [0, 0, 0], "rotation": [0, 90, 0], "uv": [0, 20]}
					]
				},
				{
					"name": "right_arm",
					"pivot": [-5, 22, 0]
				},
				{
					"name": "left_arm",
					"pivot": [5, 22, 0]
				},
				{
					"name": "right_leg",
					"pivot": [-1.9, 12, 0]
				},
				{
					"name": "left_leg",
					"pivot": [1.9, 12, 0]
				}
			]
		}
	]
}