{
	"format_version": "1.12.0",
	"minecraft:geometry": [
		{
			"description": {
				"identifier": "geometry.unknown",
				"texture_width": 128,
				"texture_height": 128,
				"visible_bounds_width": 4,
				"visible_bounds_height": 3.5,
				"visible_bounds_offset": [0, 1.25, 0]
			},
			"bones": [
				{
					"name": "head",
					"pivot": [0, 24, 0],
					"cubes": [
						{"origin": [-4, 31.25, -3], "size": [4, 7, 4], "pivot": [-2, 32.25, -2], "rotation": [-18.88172, -6.71771, -18.88172], "uv": [50, 20]},
						{"origin": [-2.25, 31.25, 0], "size": [4, 8, 4], "pivot": [-0.25, 32.25, 1], "rotation": [-20, 0, 0], "uv": [42, 39]},
						{"origin": [-3.25, 33.25, 5], "size": [6, 5, 6], "pivot": [-0.25, 34.25, 6], "rotation": [-65, 0, 0], "uv": [26, 28]},
						{"origin": [-4.25, 30.25, 8], "size": [9, 4, 4], "pivot": [-0.25, 31.25, 8], "rotation": [-77.5, 0, 0], "uv": [30, 0]},
						{"origin": [-4.25, 26.25, 7], "size": [9, 6, 4], "pivot": [-0.25, 27.25, 7], "rotation": [-77.5, 0, 0], "uv": [0, 28]},
						{"origin": [0.75, 30.25, 9], "size": [3, 10, 3], "pivot": [1.75, 31.25, 8], "rotation": [-116.32292, 8.41417, -11.65831], "uv": [56, 62]},
						{"origin": [0.75, 32.25, 6], "size": [3, 10, 3], "pivot": [1.75, 33.25, 5], "rotation": [-91.2342, 6.01437, -10.952], "uv": [42, 64]},
						{"origin": [-2.5, 33, 6.75], "size": [3, 10, 3], "pivot": [-1.5, 34, 5.75], "rotation": [-105.92698, 7.87788, -5.40001], "uv": [0, 66]},
						{"origin": [-2.5, 35, 3.75], "size": [3, 10, 3], "pivot": [-1.5, 36, 2.75], "rotation": [-80.89703, 5.39117, -5.14079], "uv": [66, 13]},
						{"origin": [-2.25, 24.25, 12], "size": [4, 8, 4], "pivot": [-0.25, 25.25, 12], "rotation": [-112.5, 0, 0], "uv": [44, 8]},
						{"origin": [-4.25, 20.25, 10], "size": [8, 12, 7], "pivot": [-0.25, 22.25, 12], "rotation": [-175, 0, 0], "uv": [0, 0]},
						{"origin": [-4.25, 20.25, 4], "size": [8, 2, 7], "pivot": [-0.25, 22.25, 6], "rotation": [-175, 0, 0], "uv": [0, 19]},
						{"origin": [1.5, 30, 1.5], "size": [4, 10, 3], "pivot": [3.5, 31, 2.5], "rotation": [-65.7943, -31.41819, 59.88424], "uv": [42, 51]},
						{"origin": [1.5, 27, 4.25], "size": [4, 10, 3], "pivot": [3.5, 28, 5.25], "rotation": [-65.63128, -13.16971, 76.2657], "uv": [0, 53]},
						{"origin": [1.5, 24, 4.5], "size": [4, 10, 3], "pivot": [3.5, 25, 5.5], "rotation": [-84.43669, 26.725, 83.9123], "uv": [14, 54]},
						{"origin": [1.5, 27, 4.25], "size": [4, 12, 3], "pivot": [3.5, 28, 5.25], "rotation": [-76.10788, 28.10147, 74.8071], "uv": [30, 8]},
						{"origin": [1.5, 24, 4.5], "size": [4, 12, 3], "pivot": [3.5, 25, 5.5], "rotation": [-88.30292, 68.6821, 74.89716], "uv": [0, 38]},
						{"origin": [0, 31, -3], "size": [4, 7, 4], "pivot": [2, 32, -2], "rotation": [-16.38024, 6.6138, 18.91497], "uv": [56, 51]},
						{"origin": [1.25, 29.5, -5], "size": [2, 5, 1], "pivot": [3.25, 31.5, -6], "rotation": [-30, 0, -27.5], "uv": [44, 20]},
						{"origin": [1.5, 24, 1.5], "size": [4, 7, 3], "pivot": [3.5, 25, 2.5], "rotation": [-36.61551, 32.98862, 113.40721], "uv": [68, 62]},
						{"origin": [1.5, 27, 1.25], "size": [4, 7, 3], "pivot": [3.5, 28, 2.25], "rotation": [-29.44225, 7.76018, 79.03442], "uv": [72, 26]},
						{"origin": [1.5, 30, -0.5], "size": [4, 7, 3], "pivot": [3.5, 31, 0.5], "rotation": [-36.38105, -10.13444, 42.45373], "uv": [72, 36]},
						{"origin": [-5.5, 27, 4.25], "size": [4, 12, 3], "pivot": [-3.5, 28, 5.25], "rotation": [-76.10788, -28.10147, -74.8071], "uv": [14, 39]},
						{"origin": [-5.5, 24, 4.5], "size": [4, 12, 3], "pivot": [-3.5, 25, 5.5], "rotation": [-85.80292, -68.6821, -74.89716], "uv": [28, 39]},
						{"origin": [-5.5, 24, 1.5], "size": [4, 7, 3], "pivot": [-3.5, 25, 2.5], "rotation": [-36.61551, -32.98862, -113.40721], "uv": [72, 46]},
						{"origin": [-5.5, 27, 4.25], "size": [4, 10, 3], "pivot": [-3.5, 28, 5.25], "rotation": [-65.63128, 13.16971, -76.2657], "uv": [28, 54]},
						{"origin": [-5.5, 27, 1.25], "size": [4, 7, 3], "pivot": [-3.5, 28, 2.25], "rotation": [-29.44225, -7.76018, -79.03442], "uv": [68, 72]},
						{"origin": [-5.5, 30, -0.5], "size": [4, 7, 3], "pivot": [-3.5, 31, 0.5], "rotation": [-36.38105, 10.13444, -42.45373], "uv": [74, 0]},
						{"origin": [-5.5, 30, 1.5], "size": [4, 10, 3], "pivot": [-3.5, 31, 2.5], "rotation": [-65.7943, 31.41819, -59.88424], "uv": [58, 31]},
						{"origin": [-5.5, 24, 4.5], "size": [4, 10, 3], "pivot": [-3.5, 25, 5.5], "rotation": [-84.43669, -26.725, -83.9123], "uv": [60, 0]},
						{"origin": [-3.75, 32.25, 6], "size": [3, 10, 3], "pivot": [-1.75, 33.25, 5], "rotation": [-91.2342, -6.01437, 10.952], "uv": [12, 67]},
						{"origin": [-3.75, 30.25, 9], "size": [3, 10, 3], "pivot": [-1.75, 31.25, 8], "rotation": [-116.32292, -8.41417, 11.65831], "uv": [24, 67]}
					]
				},
				{
					"name": "body",
					"pivot": [0, 24, 0]
				},
				{
					"name": "right_arm",
					"pivot": [-5, 22, 0]
				},
				{
					"name": "left_arm",
					"pivot": [5, 22, 0]
				},
				{
					"name": "right_leg",
					"pivot": [-1.9, 12, 0]
				},
				{
					"name": "left_leg",
					"pivot": [1.9, 12, 0]
				}
			]
		}
	]
}