{
	"format_version": "1.12.0",
	"minecraft:geometry": [
		{
			"description": {
				"identifier": "geometry.unknown",
				"texture_width": 128,
				"texture_height": 128,
				"visible_bounds_width": 3,
				"visible_bounds_height": 4.5,
				"visible_bounds_offset": [0, 1.75, 0]
			},
			"bones": [
				{
					"name": "head",
					"pivot": [0, 24, 0],
					"cubes": [
						{"origin": [-3, 30.25, -3.75], "size": [2, 6, 2], "pivot": [-2, 31.25, -2.75], "rotation": [-10, 0, -25], "uv": [52, 17]},
						{"origin": [-2.25, 29.75, -4.5], "size": [2, 5, 2], "pivot": [-1.25, 31.75, -3.5], "rotation": [-4.54905, -9.29189, -147.90539], "uv": [54, 47]},
						{"origin": [4, 29.5, -4.5], "size": [1, 3, 2], "pivot": [4, 30.5, -3.5], "rotation": [-2.85405, -9.93919, -158.02704], "uv": [62, 45]},
						{"origin": [0.75, 30.5, -4.5], "size": [2, 5, 4], "pivot": [1.75, 32.5, -3.5], "rotation": [9.11827, -4.88984, 123.83459], "uv": [44, 38]},
						{"origin": [-4.25, 30.75, -4.75], "size": [2, 4, 3], "pivot": [-3.25, 31.75, -3.75], "rotation": [-14.7007, -12.72442, -160.15306], "uv": [52, 10]},
						{"origin": [-4.75, 30, -1.75], "size": [2, 8, 4], "pivot": [-3.75, 31, -0.75], "rotation": [-21.33266, 2.74196, -53.01653], "uv": [32, 40]},
						{"origin": [-4.75, 30.75, 4], "size": [2, 8, 3], "pivot": [-3.75, 31.75, 5], "rotation": [-21.42561, 1.83049, -55.34633], "uv": [10, 49]},
						{"origin": [-4.75, 30.75, 7.25], "size": [2, 8, 3], "pivot": [-3.75, 31.75, 8.25], "rotation": [-22.71121, 0.01764, -40.77961], "uv": [20, 49]},
						{"origin": [-2.75, 30.75, 7.25], "size": [2, 6, 3], "pivot": [-1.75, 31.75, 8.25], "rotation": [-22.69108, 0.98258, -15.97323], "uv": [30, 50]},
						{"origin": [-3.75, 30.75, 3.25], "size": [7, 11, 5], "pivot": [-2.75, 31.75, 6.25], "rotation": [-10.22974, 5.28201, -17.97312], "uv": [0, 18]},
						{"origin": [-4.75, 30.75, -0.5], "size": [4, 8, 5], "pivot": [-3.75, 31.75, 2.5], "rotation": [-0.22974, 5.28201, -17.97312], "uv": [0, 34]},
						{"origin": [-4.75, 26, 0], "size": [2, 6, 2], "pivot": [-3.75, 27, 1], "rotation": [-45.61059, 2.12698, -89.4087], "uv": [56, 39]},
						{"origin": [-4.75, 27.75, -1], "size": [2, 6, 2], "pivot": [-3.75, 28.75, 0], "rotation": [-43.78009, 14.48541, -76.86058], "uv": [40, 56]},
						{"origin": [-4.75, 27.75, 1.75], "size": [2, 5.5, 2], "pivot": [-3.75, 28.75, 2.75], "rotation": [-39.79548, 24.51886, -65.00834], "uv": [60, 17]},
						{"origin": [-4.75, 28, 3.75], "size": [2, 6, 2], "pivot": [-3.75, 29, 4.75], "rotation": [-39.79548, 24.51886, -65.00834], "uv": [8, 58]},
						{"origin": [-4.75, 29, 6.75], "size": [2, 5, 2], "pivot": [-3.75, 30, 7.75], "rotation": [-43.78009, 14.48541, -76.86058], "uv": [60, 22]},
						{"origin": [-4.75, 26.5, 2.5], "size": [2, 5, 2], "pivot": [-3.75, 27.5, 3.5], "rotation": [-48.11059, 2.12698, -89.4087], "uv": [60, 27]},
						{"origin": [-4.75, 27, 4.25], "size": [2, 3, 2], "pivot": [-3.75, 28, 5.25], "rotation": [-53.11059, 2.12698, -66.9087], "uv": [48, 60]},
						{"origin": [-2.25, 31.5, -3], "size": [4, 8.5, 6.5], "pivot": [-1.25, 32.5, -2], "rotation": [-5, 0, -10], "uv": [20, 0]},
						{"origin": [-2.25, 31.5, -0.25], "size": [2, 10, 4], "pivot": [-1.25, 32.5, 2.75], "rotation": [-5.18406, 2.15393, -9.76758], "uv": [40, 14]},
						{"origin": [1, 30.25, -3.75], "size": [2, 8, 2], "pivot": [2, 31.25, -2.75], "rotation": [-10, 0, 25], "uv": [52, 0]},
						{"origin": [2.75, 30, -1.75], "size": [2, 9, 4], "pivot": [3.75, 31, -0.75], "rotation": [-21.33266, -2.74196, 45.51653], "uv": [40, 28]},
						{"origin": [2.75, 30.75, 4], "size": [2, 9, 3], "pivot": [3.75, 31.75, 5], "rotation": [-21.42561, -1.83049, 47.84633], "uv": [0, 47]},
						{"origin": [2.75, 30.75, 7.25], "size": [2, 9, 3], "pivot": [3.75, 31.75, 8.25], "rotation": [-22.71121, -0.01764, 33.27961], "uv": [44, 47]},
						{"origin": [-1.25, 30.75, 7.25], "size": [4, 6, 3], "pivot": [1.75, 31.75, 8.25], "rotation": [-22.6321, -1.94593, 13.66551], "uv": [18, 40]},
						{"origin": [-1.5, 30.75, 3.25], "size": [5.25, 13, 5], "pivot": [2.75, 31.75, 6.25], "rotation": [-10.22974, -5.28201, 17.97312], "uv": [0, 0]},
						{"origin": [0.75, 30.75, -0.5], "size": [4, 8, 5], "pivot": [3.75, 31.75, 2.5], "rotation": [-0.22974, -5.28201, 17.97312], "uv": [22, 14]},
						{"origin": [2.75, 26, 0], "size": [2, 7, 2], "pivot": [3.75, 27, 1], "rotation": [-45.61059, -2.12698, 81.9087], "uv": [54, 54]},
						{"origin": [2.75, 27.75, -1], "size": [2, 7, 2], "pivot": [3.75, 28.75, 0], "rotation": [-43.78009, -14.48541, 69.36058], "uv": [0, 56]},
						{"origin": [2.75, 27.75, 1.75], "size": [2, 6.5, 2], "pivot": [3.75, 28.75, 2.75], "rotation": [-39.79548, -24.51886, 57.50834], "uv": [24, 59]},
						{"origin": [2.75, 28, 3.75], "size": [2, 7, 2], "pivot": [3.75, 29, 4.75], "rotation": [-39.79548, -24.51886, 57.50834], "uv": [56, 33]},
						{"origin": [2.75, 29, 6.75], "size": [2, 6, 2], "pivot": [3.75, 30, 7.75], "rotation": [-43.78009, -14.48541, 69.36058], "uv": [32, 59]},
						{"origin": [2.75, 26.5, 2.5], "size": [2, 6, 2], "pivot": [3.75, 27.5, 3.5], "rotation": [-48.11059, -2.12698, 81.9087], "uv": [60, 0]},
						{"origin": [2.75, 27, 4.25], "size": [2, 6, 2], "pivot": [3.75, 28, 5.25], "rotation": [-53.11059, -2.12698, 81.9087], "uv": [60, 5]},
						{"origin": [0.75, 27, 4.25], "size": [2, 3, 2], "pivot": [1.75, 28, 5.25], "rotation": [-52.49524, 9.84655, 75.98124], "uv": [56, 60]},
						{"origin": [-2.75, 28, 6.25], "size": [2, 4, 2], "pivot": [-1.75, 30, 7.25], "rotation": [-104.48743, -2.2892, 76.18062], "uv": [16, 58]},
						{"origin": [0.75, 26, 6.25], "size": [2, 6, 2], "pivot": [1.75, 30, 7.25], "rotation": [-49.48743, -2.2892, 76.18062], "uv": [52, 25]},
						{"origin": [-2.75, 27, 4.25], "size": [2, 3, 2], "pivot": [-1.75, 28, 5.25], "rotation": [-107.49524, 9.84655, 75.98124], "uv": [0, 62]},
						{"origin": [-0.75, 27, 4.25], "size": [2, 3, 2], "pivot": [0.25, 28, 5.25], "rotation": [-89.99524, 9.84655, 75.98124], "uv": [62, 10]},
						{"origin": [-0.75, 29, 6.25], "size": [2, 3, 2], "pivot": [0.25, 30, 7.25], "rotation": [-89.99524, 9.84655, 75.98124], "uv": [40, 62]},
						{"origin": [-1.75, 31.5, -3], "size": [4, 8.5, 5.5], "pivot": [1.25, 32.5, -2], "rotation": [-12.5, 0, 10], "uv": [22, 27]},
						{"origin": [0.25, 31.5, -0.25], "size": [2, 10, 4], "pivot": [1.25, 32.5, 2.75], "rotation": [-5.18406, -2.15393, 9.76758], "uv": [40, 0]}
					]
				},
				{
					"name": "body",
					"pivot": [0, 24, 0]
				},
				{
					"name": "right_arm",
					"pivot": [-5, 22, 0]
				},
				{
					"name": "left_arm",
					"pivot": [5, 22, 0]
				},
				{
					"name": "right_leg",
					"pivot": [-1.9, 12, 0]
				},
				{
					"name": "left_leg",
					"pivot": [1.9, 12, 0]
				}
			]
		}
	]
}