{
	"format_version": "1.12.0",
	"minecraft:geometry": [
		{
			"description": {
				"identifier": "geometry.diamond_shard",
				"texture_width": 16,
				"texture_height": 16,
				"visible_bounds_width": 7,
				"visible_bounds_height": 11,
				"visible_bounds_offset": [0, 4.5, 0]
			},
			"bones": [
				{
					"name": "left_leg",
					"pivot": [0, 0, 0]
				},
				{
					"name": "left_arm",
					"pivot": [0, 0, 0]
				},
				{
					"name": "right_leg",
					"pivot": [0, 0, 0]
				},
				{
					"name": "right_arm",
					"pivot": [0, 0, 0]
				},
				{
					"name": "head",
					"pivot": [0, 0, 0]
				},
				{
					"name": "hat",
					"pivot": [0, 0, 0]
				},
				{
					"name": "body",
					"pivot": [-14, 65.5, -9],
					"rotation": [0, 0, -90]
				},
				{
					"name": "spike2",
					"parent": "body",
					"pivot": [-14, 63, -3],
					"cubes": [
						{"origin": [-29, 61, -9], "size": [13, 5, 0], "uv": [0, 0]},
						{"origin": [-28, 61, -11.5], "size": [0, 5, 5], "uv": [0, 0]},
						{"origin": [-29, 63.5, -11.5], "size": [13, 0, 5], "uv": [-5, 0]}
					]
				}
			]
		}
	]
}