{
  "name": {
    "text": "Chronosapien Scanned"
  },
  "icon": "alienevo:textures/gui/fakeatrix/omnitrix_scan.png",
  "background": "alienevo:textures/gui/power_screen/power_screen.png",
  "primary_color": "#8ed721",
  "allow_bar_shrinking": false,
  "hidden": true,
  "persistent_data": true,
  "secondary_color": "#332e27",
  "ability_bar_texture": "alienevo:textures/gui/ability_bar/interface.png",
  "abilities": {
  "unlock":{
    "type": "palladium:command",
    "icon": "alienevo:textures/gui/playlists/playlist_1/alien_265.png",
    "title": "Super Saiyan",
    "bar_color": "light_gray",
    "hidden": true,
    "hidden_in_bar": true,
    "list_index": -1,
    "description": "null",
    "first_tick_commands": [],
    "last_tick_commands": [],
    "commands": [
       "function saiyan:scan",
       "clear @s saiyan:saiyan_hair 1"
    ],
     "conditions": {
               
               "enabling":[
        {
    "type": "palladium:action",
    "cooldown": 0,
    "key_type": "right_click",
    "needs_empty_hand": false,
    "allow_scrolling_when_crouching": true
}
      ],
      "unlocking":[
{
    "type": "palladium:has_power",
    "power": "alienevo:prototype_omnitrix"
}
      ]
               
            }
}
  }
}